Employee ID,Full Name,Gender,Age,Age range,Region,Job Title,Department,Manager/Supervisor,Date of Hire,Employment Status,Work Location,Salary,Pay Grade,Bonus/Allowances,Insurance Details,Leave Taken,Performance Rating,Training Programs Attended,Skills,Certifications
4294,Lori Nguyen,Female,25,18-25,East,Manager,Finance,Luis Reynolds,2019-03-15,Full-Time,Head Office,53700,C,1463,Health,1,1,Leadership Training,Design,Certified Professional
9116,Gary Garcia,Male,27,26-35,Central,Designer,HR,Ashley Simmons MD,2022-12-20,Full-Time,Branch Office,91091,B,1024,None,19,4,Excel Workshop,Design,Certified Professional
5120,Jeremy Nguyen,Male,34,26-35,West,HR Specialist,Marketing,Cassandra Duncan,2022-08-10,Full-Time,Remote,57538,D,1674,None,8,1,None,Management,Advanced Training
8071,Kimberly Jones,Female,41,36-45,West,Manager,Operations,Janet Harris,2024-09-03,Contract,Head Office,62993,A,2695,Health + Dental,0,2,None,Python,None
9351,Anthony Gates,Male,56,56 <,East,Manager,Marketing,Mr. Frank Clay,2019-03-14,Contract,Branch Office,45773,A,8776,Health,16,4,Leadership Training,Python,None
2873,Courtney Foster,Female,28,26-35,West,Developer,Marketing,Dorothy Price,2017-01-23,Full-Time,Branch Office,96249,C,4826,Health + Dental,7,3,Leadership Training,Communication,Certified Professional
3540,Catherine Hall,Female,20,18-25,Central,HR Specialist,Marketing,Michele Sexton,2024-08-17,Full-Time,Remote,61596,C,8818,Health + Dental,4,2,Leadership Training,Management,None
3653,Deanna Ball,Female,58,56 <,South,Designer,IT,Richard Schmidt,2014-12-09,Full-Time,Remote,97869,A,1966,Health,10,1,Leadership Training,Design,Certified Professional
5587,Candace Nelson,Female,44,36-45,South,HR Specialist,Marketing,Teresa Pearson,2021-06-28,Full-Time,Head Office,81235,A,6553,None,16,2,None,Management,Certified Professional
9554,Mandy Davis,Female,29,26-35,Central,HR Specialist,Operations,Laura Hart,2018-05-20,Full-Time,Branch Office,87852,A,4980,Health + Dental,19,3,None,Python,Certified Professional
6213,Matthew Powell,Male,23,18-25,South,Manager,Marketing,Andrea May,2017-02-13,Contract,Branch Office,59359,A,9449,Health + Dental,20,3,None,Management,None
9105,Bruce Nelson,Male,30,26-35,East,Designer,Finance,Casey Martin,2024-05-05,Contract,Remote,81225,D,6202,Health + Dental,2,2,Excel Workshop,Excel,Certified Professional
9508,Dawn Cole,Female,49,46-55,Central,Manager,Finance,Amber Allen,2022-04-19,Contract,Head Office,32788,D,4396,Health,13,5,None,Communication,Advanced Training
2436,Tanner Morse,Male,60,56 <,North,Manager,Operations,Adam Johnson,2015-11-16,Contract,Remote,70452,D,9911,None,2,1,None,Communication,Certified Professional
4441,Jose Griffin,Male,46,46-55,Central,Developer,Finance,Nicole Dominguez,2023-09-09,Full-Time,Branch Office,33045,B,1456,None,16,3,Excel Workshop,Communication,None
5827,Daniel Hawkins,Male,57,56 <,West,Developer,HR,Andrew Best,2017-12-12,Part-Time,Remote,96429,C,4740,None,8,1,Excel Workshop,Python,None
5184,Elaine Mcclain,Female,24,18-25,Central,HR Specialist,Marketing,Gabrielle Rodriguez,2017-03-10,Part-Time,Remote,33183,A,8114,None,4,2,Excel Workshop,Excel,Advanced Training
5874,Kimberly Jones,Female,35,26-35,North,Developer,Finance,Allison Harvey,2019-03-04,Part-Time,Head Office,75065,C,7123,None,20,2,None,Design,Advanced Training
9834,Thomas Kramer,Male,41,36-45,Central,Designer,IT,Tristan Mejia,2022-11-20,Full-Time,Remote,32877,C,6432,Health,11,1,None,Design,None
5096,Kevin Whitaker,Male,36,36-45,Central,Analyst,Operations,Mary Welch,2021-03-02,Full-Time,Branch Office,46811,D,1567,None,7,3,Excel Workshop,Design,Advanced Training
2263,Dustin Carter,Male,31,26-35,South,HR Specialist,HR,Douglas Miles,2021-08-01,Contract,Branch Office,87538,C,3588,Health + Dental,11,5,Excel Workshop,Python,None
6505,Nicole Williamson,Female,28,26-35,East,Designer,IT,Jessica Fleming,2015-08-14,Full-Time,Branch Office,73002,C,6296,Health,2,5,Excel Workshop,Management,Certified Professional
8626,Matthew Knight,Male,37,36-45,South,Designer,Operations,Christine Lee,2015-10-21,Part-Time,Remote,41653,D,9236,None,13,1,Excel Workshop,Design,None
5979,Donna Jones,Female,31,26-35,East,Manager,Marketing,Mario Smith DVM,2015-03-14,Contract,Branch Office,67582,A,1375,Health,20,3,Excel Workshop,Management,None
3104,Carolyn Bullock,Female,23,18-25,South,Designer,HR,Joseph Francis,2024-05-22,Part-Time,Branch Office,37351,D,7858,Health + Dental,18,2,Leadership Training,Management,Advanced Training
8967,Wendy Gomez,Female,48,46-55,North,HR Specialist,Finance,Sarah Young,2017-03-19,Full-Time,Branch Office,36721,B,8820,Health + Dental,0,2,Excel Workshop,Management,Certified Professional
5087,Michael Thomas,Male,28,26-35,West,Analyst,Finance,Aaron Hart,2021-09-15,Contract,Remote,46326,B,9189,Health + Dental,8,4,Leadership Training,Communication,Advanced Training
3358,Kevin Bell,Male,30,26-35,Central,Developer,HR,Brian Boyd,2022-05-09,Full-Time,Head Office,59007,C,3380,Health,17,3,None,Excel,Certified Professional
8256,Richard Landry,Male,46,46-55,South,Manager,Operations,Steven Krueger,2017-06-22,Full-Time,Branch Office,52020,B,9585,Health + Dental,0,4,Excel Workshop,Excel,None
5763,George Hurley,Male,44,36-45,Central,HR Specialist,HR,Debra Williams,2020-11-28,Part-Time,Branch Office,98961,D,2688,Health,2,5,Excel Workshop,Excel,Certified Professional
6838,Mark Lopez,Male,45,36-45,West,Developer,Marketing,Karen Mitchell,2015-08-30,Part-Time,Branch Office,81943,C,2255,Health,18,2,None,Python,Certified Professional
9544,Robert Williams,Male,52,46-55,North,HR Specialist,HR,Joseph Sanders,2018-10-27,Part-Time,Branch Office,47627,C,1221,None,4,3,None,Management,None
8012,Mary Schmidt,Female,52,46-55,East,Manager,IT,Shelly George,2018-08-26,Part-Time,Branch Office,56162,D,6560,Health + Dental,9,4,Excel Workshop,Communication,None
9374,Mary Martinez,Female,42,36-45,Central,HR Specialist,Marketing,Nicole Houston,2023-07-24,Contract,Remote,95734,C,4854,Health,13,2,Leadership Training,Design,Certified Professional
3487,Paul Hall,Male,58,56 <,Central,Designer,Operations,Kristin Shaffer,2018-07-09,Contract,Remote,74789,C,8101,Health + Dental,14,5,Excel Workshop,Python,None
8445,Samantha Foster,Female,24,18-25,North,Manager,Operations,Joel Aguilar,2016-12-21,Full-Time,Remote,30137,B,4031,None,5,3,None,Management,Certified Professional
1550,Timothy Aguilar,Male,21,18-25,Central,Manager,Finance,Michael Wade,2019-06-27,Full-Time,Remote,95510,C,6811,Health,18,4,Excel Workshop,Excel,Certified Professional
9968,Charles Andrews,Male,58,56 <,Central,Developer,Finance,Jessica Walsh,2021-08-27,Contract,Head Office,80325,B,6230,Health,5,4,None,Python,Advanced Training
8029,Veronica Nelson,Female,57,56 <,South,Analyst,IT,Kelly Mack,2017-05-28,Part-Time,Branch Office,34109,B,9232,Health,13,3,Leadership Training,Design,Certified Professional
8847,Chris Sanchez,Male,41,36-45,South,Developer,Finance,John Conley,2022-01-30,Part-Time,Remote,73330,C,2276,Health + Dental,5,1,None,Management,Advanced Training
1955,Cassie Galvan,Female,58,56 <,West,HR Specialist,HR,Aaron Baker,2017-04-20,Contract,Remote,46567,A,2825,Health,15,3,None,Excel,Advanced Training
4522,Jessica Jones,Female,36,36-45,East,Analyst,Finance,Christopher Bass,2019-07-22,Contract,Branch Office,39795,A,1670,None,0,2,Excel Workshop,Communication,None
3078,Emily Walker,Female,21,18-25,East,Manager,IT,Sean Tucker PhD,2018-11-29,Contract,Remote,59506,A,4428,Health + Dental,0,1,None,Communication,Certified Professional
6357,Vickie Lewis,Female,46,46-55,West,Designer,IT,Jacob Scott,2022-11-14,Contract,Remote,49058,B,4396,None,5,1,None,Communication,None
7951,Alexis Clark,Female,36,36-45,South,HR Specialist,IT,Joel Park,2016-02-23,Contract,Head Office,98612,A,1168,None,9,2,Excel Workshop,Design,Certified Professional
9228,Robert Davis,Male,41,36-45,North,Developer,HR,Russell Marshall,2018-05-18,Part-Time,Branch Office,38201,A,7111,Health,8,4,Leadership Training,Communication,None
8988,Daniel Brown MD,Male,25,18-25,East,HR Specialist,Marketing,James Holden,2024-03-09,Part-Time,Branch Office,92919,D,9497,Health,7,2,None,Communication,Advanced Training
1952,Anna Payne,Female,29,26-35,North,Manager,HR,Thomas Murphy,2024-03-27,Full-Time,Remote,45188,A,9591,Health + Dental,18,3,Leadership Training,Communication,None
5760,Rhonda Pena,Female,59,56 <,West,Designer,Finance,Mark Abbott,2019-12-23,Full-Time,Branch Office,34927,D,6996,Health + Dental,16,1,Excel Workshop,Design,Certified Professional
5742,Nicole Gonzalez,Female,27,26-35,East,HR Specialist,Operations,Robin Lynch,2016-08-25,Full-Time,Branch Office,33183,A,1659,None,11,1,Leadership Training,Python,None
